date,price
2020-11-12,151.4
2020-11-13,151.08
2020-11-16,152.91
2020-11-17,157.16
2020-11-18,156.56
2020-11-19,155.96
2020-11-20,160.46
2020-11-23,162.74
2020-11-24,161.43
2020-11-25,163.07
2020-11-26,161.78
2020-11-27,160.48
2020-11-30,161.25
2020-12-01,155.76
2020-12-02,150.98
2020-12-03,149.52
2020-12-04,146.85
2020-12-07,147.74
2020-12-08,145.38
2020-12-09,141.75
2020-12-10,145.54
2020-12-11,145.01
2020-12-14,145.24
2020-12-15,141.58
2020-12-16,140.25
2020-12-17,140.58
2020-12-18,137.73
2020-12-21,138.71
2020-12-22,137.27
2020-12-23,136.6
2020-12-24,135.18
2020-12-25,139.74
2020-12-28,139.76
2020-12-29,137.16
2020-12-30,139.24
2020-12-31,136.24
2021-01-01,136.8
2021-01-04,132.03
2021-01-05,128.93
2021-01-06,129.44
2021-01-07,131.21
2021-01-08,131.67
2021-01-11,131.45
2021-01-12,130.79
2021-01-13,127.36
2021-01-14,125.76
2021-01-15,124.77
2021-01-18,127.19
2021-01-19,128.03
2021-01-20,124.02
2021-01-21,124.79
2021-01-22,123.97
2021-01-25,122.51
2021-01-26,123.91
2021-01-27,126.26
2021-01-28,128.43
2021-01-29,126.54
2021-02-01,125.88
2021-02-02,126.69
2021-02-03,128.96
2021-02-04,127.9
2021-02-05,127.52
2021-02-08,125.04
2021-02-09,122.39
2021-02-10,124.23
2021-02-11,127.31
2021-02-12,127.2
2021-02-15,129.55
2021-02-16,130.44
2021-02-17,128.98
2021-02-18,129.87
2021-02-19,133.52
2021-02-22,133.49
2021-02-23,137.3
2021-02-24,130.88
2021-02-25,132.87
2021-02-26,133.13
2021-03-01,132.47
2021-03-02,132.74
2021-03-03,128.04
2021-03-04,127.59
2021-03-05,128.46
2021-03-08,131.93
2021-03-09,130.75
2021-03-10,128.9
2021-03-11,127.79
2021-03-12,129.94
2021-03-15,130.76
2021-03-16,129.57
2021-03-17,130.82
2021-03-18,131.1
2021-03-19,133.44
2021-03-22,131.81
2021-03-23,131.08
2021-03-24,130.21
2021-03-25,126.83
2021-03-26,127.56
2021-03-29,128.21
2021-03-30,128.27
2021-03-31,127.78
2021-04-01,124.58
2021-04-02,123.68
2021-04-05,122.97
2021-04-06,121.24
2021-04-07,120.94
2021-04-08,121.87
2021-04-09,126.05
2021-04-12,126.5
2021-04-13,127.14
2021-04-14,127.02
2021-04-15,122.68
2021-04-16,122.67
2021-04-19,122.85
2021-04-20,128.35
2021-04-21,127.96
2021-04-22,128.7
2021-04-23,128.67
2021-04-26,126.02
2021-04-27,128.66
2021-04-28,130.45
2021-04-29,132.36
2021-04-30,130.25
2021-05-03,133.59
2021-05-04,130.27
2021-05-05,131.7
2021-05-06,136.95
2021-05-07,134.56
2021-05-10,133.24
2021-05-11,133.53
2021-05-12,132.38
2021-05-13,128.74
2021-05-14,128.95
2021-05-17,126.53
2021-05-18,127.66
2021-05-19,125.6
2021-05-20,129.15
2021-05-21,127.38
2021-05-24,126.7
2021-05-25,128.6
2021-05-26,125.8
2021-05-27,126.37
2021-05-28,129.39
2021-05-31,125.7
2021-06-01,126.17
2021-06-02,126.81
2021-06-03,128.65
2021-06-04,125.83
2021-06-07,122.89
2021-06-08,124.1
2021-06-09,124.81
2021-06-10,125.42
2021-06-11,126.25
2021-06-14,124.76
2021-06-15,125.33
2021-06-16,126.04
2021-06-17,124.47
2021-06-18,128.7
2021-06-21,129.85
2021-06-22,127.12
2021-06-23,128.67
2021-06-24,126.47
2021-06-25,128.31
2021-06-28,131.04
2021-06-29,129.15
2021-06-30,131.44
2021-07-01,132.47
2021-07-02,134.49
2021-07-05,139.13
2021-07-06,138.57
2021-07-07,136.75
2021-07-08,134.61
2021-07-09,132.69
2021-07-12,132.56
2021-07-13,133.43
2021-07-14,134.14
2021-07-15,136.19
2021-07-16,136.28
2021-07-19,139.9
2021-07-20,139.29
2021-07-21,146.17
2021-07-22,147.87
2021-07-23,145.65
2021-07-26,142.9
2021-07-27,144.2
2021-07-28,143.68
2021-07-29,145.58
2021-07-30,146.88
2021-08-02,146.74
2021-08-03,144.57
2021-08-04,140.68
2021-08-05,139.61
2021-08-06,141.82
2021-08-09,142.42
2021-08-10,139.28
2021-08-11,139.77
2021-08-12,140.8
2021-08-13,138.61
2021-08-16,139.05
2021-08-17,139.25
2021-08-18,136.44
2021-08-19,137.38
2021-08-20,138.82
2021-08-23,141.58
2021-08-24,144.32
2021-08-25,140.8
2021-08-26,138.48
2021-08-27,139.82
2021-08-30,141.17
2021-08-31,142.54
2021-09-01,152.48
2021-09-02,154.1
2021-09-03,157.32
2021-09-06,160.08
2021-09-07,162.02
2021-09-08,161.17
2021-09-09,163.43
2021-09-10,161.22
2021-09-13,160.6
2021-09-14,159.26
2021-09-15,159.56
2021-09-16,166.27
2021-09-17,160.75
2021-09-20,162.8
2021-09-21,158.14
2021-09-22,156.86
2021-09-23,160.0
2021-09-24,160.25
2021-09-27,157.2
2021-09-28,155.24
2021-09-29,157.2
2021-09-30,155.2
2021-10-01,155.87
2021-10-04,156.06
2021-10-05,154.29
2021-10-06,160.3
2021-10-07,162.2
2021-10-08,156.35
2021-10-11,156.94
2021-10-12,155.13
2021-10-13,157.57
2021-10-14,155.39
2021-10-15,155.13
2021-10-18,156.6
2021-10-19,159.1
2021-10-20,155.73
2021-10-21,154.85
2021-10-22,153.59
2021-10-25,151.85
2021-10-26,156.73
2021-10-27,157.94
2021-10-28,154.42
2021-10-29,157.03
2021-11-01,163.09
2021-11-02,166.19
2021-11-03,161.71
2021-11-04,160.36
2021-11-05,164.09
2021-11-08,162.06
2021-11-09,163.42
2021-11-10,165.76
2021-11-11,163.07
2021-11-12,162.96
2021-11-15,153.51
2021-11-16,150.74
2021-11-17,150.12
2021-11-18,146.81
2021-11-19,151.18
2021-11-22,147.35
2021-11-23,146.24
2021-11-24,146.64
2021-11-25,150.51
2021-11-26,146.68
2021-11-29,149.81
2021-11-30,149.89
2021-12-01,147.31
2021-12-02,148.59
2021-12-03,149.18
2021-12-06,147.63
2021-12-07,147.87
2021-12-08,146.91
2021-12-09,147.27
2021-12-10,149.08
2021-12-13,153.4
2021-12-14,150.04
2021-12-15,155.86
2021-12-16,150.45
2021-12-17,150.1
2021-12-20,151.75
2021-12-21,152.57
2021-12-22,150.92
2021-12-23,150.42
2021-12-24,149.14
2021-12-27,147.62
2021-12-28,149.94
2021-12-29,150.96
2021-12-30,149.14
2021-12-31,151.61
2022-01-03,152.51
2022-01-04,154.81
2022-01-05,156.62
2022-01-06,154.35
2022-01-07,152.85
2022-01-10,154.97
2022-01-11,156.74
2022-01-12,156.74
2022-01-13,157.13
2022-01-14,160.81
2022-01-17,159.16
2022-01-18,160.79
2022-01-19,160.27
2022-01-20,159.71
2022-01-21,162.93
2022-01-24,165.42
2022-01-25,167.9
2022-01-26,171.92
2022-01-27,172.05
2022-01-28,174.23
2022-01-31,173.33
2022-02-01,174.41
2022-02-02,174.07
2022-02-03,174.44
2022-02-04,176.38
2022-02-07,173.86
2022-02-08,180.47
2022-02-09,177.28
2022-02-10,173.47
2022-02-11,177.16
2022-02-14,179.75
2022-02-15,181.85
2022-02-16,183.97
2022-02-17,184.01
2022-02-18,181.11
2022-02-21,181.43
2022-02-22,179.29
2022-02-23,182.51
2022-02-24,182.1
2022-02-25,179.47
2022-02-28,178.5
2022-03-01,179.9
2022-03-02,178.14
2022-03-03,175.58
2022-03-04,176.42
2022-03-07,177.27
2022-03-08,175.72
2022-03-09,174.3
2022-03-10,175.1
2022-03-11,170.61
2022-03-14,166.35
2022-03-15,164.27
2022-03-16,163.7
2022-03-17,164.68
2022-03-18,169.12
2022-03-21,171.8
2022-03-22,171.37
2022-03-23,171.38
2022-03-24,168.36
2022-03-25,168.37
2022-03-28,167.56
2022-03-29,168.6
2022-03-30,166.16
2022-03-31,167.78
2022-04-01,172.48
2022-04-04,172.21
2022-04-05,173.52
2022-04-06,175.75
2022-04-07,174.55
2022-04-08,175.32
2022-04-11,175.43
2022-04-12,175.81
2022-04-13,173.44
2022-04-14,173.58
2022-04-15,175.21
2022-04-18,179.85
2022-04-19,183.03
2022-04-20,190.2
2022-04-21,187.65
2022-04-22,190.67
2022-04-25,191.37
2022-04-26,198.99
2022-04-27,196.18
2022-04-28,193.29
2022-04-29,191.28
2022-05-02,184.05
2022-05-03,182.38
2022-05-04,179.96
2022-05-05,180.52
2022-05-06,181.7
2022-05-09,187.91
2022-05-10,191.2
2022-05-11,189.29
2022-05-12,186.31
2022-05-13,188.03
2022-05-16,183.64
2022-05-17,189.76
2022-05-18,193.87
2022-05-19,192.31
2022-05-20,186.46
2022-05-23,191.07
2022-05-24,190.76
2022-05-25,195.08
2022-05-26,189.56
2022-05-27,187.59
2022-05-30,187.69
2022-05-31,187.92
2022-06-01,186.47
2022-06-02,188.64
2022-06-03,185.09
2022-06-06,184.69
2022-06-07,185.16
2022-06-08,186.95
2022-06-09,189.42
2022-06-10,185.66
2022-06-13,180.61
2022-06-14,184.83
2022-06-15,186.01
2022-06-16,183.58
2022-06-17,188.78
2022-06-20,189.25
2022-06-21,193.34
2022-06-22,193.65
2022-06-23,200.92
2022-06-24,207.34
2022-06-27,206.5
2022-06-28,210.19
2022-06-29,212.72
2022-06-30,218.04
2022-07-01,214.34
2022-07-04,217.08
2022-07-05,221.3
2022-07-06,214.38
2022-07-07,209.9
2022-07-08,202.28
2022-07-11,201.38
2022-07-12,204.06
2022-07-13,209.66
2022-07-14,210.03
2022-07-15,216.27
2022-07-18,210.98
2022-07-19,204.6
2022-07-20,204.47
2022-07-21,205.97
2022-07-22,205.93
2022-07-25,198.35
2022-07-26,198.11
2022-07-27,193.54
2022-07-28,195.95
2022-07-29,197.32
2022-08-01,194.06
2022-08-02,192.34
2022-08-03,188.75
2022-08-04,188.61
2022-08-05,191.93
2022-08-08,188.6
2022-08-09,190.39
2022-08-10,188.65
2022-08-11,186.03
2022-08-12,185.75
2022-08-15,182.36
2022-08-16,180.62
2022-08-17,176.8
2022-08-18,183.12
2022-08-19,183.31
2022-08-22,181.07
2022-08-23,181.84
2022-08-24,181.55
2022-08-25,180.9
2022-08-26,182.97
2022-08-29,185.54
2022-08-30,183.84
2022-08-31,182.01
2022-09-01,181.18
2022-09-02,173.75
2022-09-05,169.08
2022-09-06,173.3
2022-09-07,178.5
2022-09-08,177.78
2022-09-09,179.69
2022-09-12,180.77
2022-09-13,190.86
2022-09-14,194.78
2022-09-15,194.41
2022-09-16,191.15
2022-09-19,185.7
2022-09-20,186.45
2022-09-21,183.99
2022-09-22,179.35
2022-09-23,177.33
2022-09-26,173.95
2022-09-27,179.31
2022-09-28,182.22
2022-09-29,182.27
2022-09-30,187.2
2022-10-03,187.53
2022-10-04,184.7
2022-10-05,189.84
2022-10-06,191.76
2022-10-07,188.25
2022-10-10,187.68
2022-10-11,184.8
2022-10-12,180.27
2022-10-13,183.35
2022-10-14,189.73
2022-10-17,185.03
2022-10-18,186.98
2022-10-19,184.86
2022-10-20,183.31
2022-10-21,181.43
2022-10-24,178.68
2022-10-25,178.91
2022-10-26,176.31
2022-10-27,177.24
2022-10-28,177.15
2022-10-31,176.45
2022-11-01,173.64
2022-11-02,171.91
2022-11-03,174.32
2022-11-04,175.96
2022-11-07,172.93
2022-11-08,173.31
2022-11-09,175.72
2022-11-10,170.51
2022-11-11,172.25
2022-11-14,170.26
2022-11-15,172.08
2022-11-16,169.78
2022-11-17,164.34
2022-11-18,159.59
2022-11-21,159.79
2022-11-22,160.6
2022-11-23,158.05
2022-11-24,159.93
2022-11-25,155.21
2022-11-28,155.09
2022-11-29,151.77
2022-11-30,150.05
2022-12-01,150.24
2022-12-02,147.97
2022-12-05,147.01
2022-12-06,149.73
2022-12-07,148.23
2022-12-08,150.52
2022-12-09,147.52
2022-12-12,148.99
2022-12-13,152.91
2022-12-14,146.17
2022-12-15,144.13
2022-12-16,145.69
2022-12-19,145.21
2022-12-20,146.24
2022-12-21,144.71
2022-12-22,144.99
2022-12-23,144.65
2022-12-26,147.74
2022-12-27,148.48
2022-12-28,149.44
2022-12-29,148.39
2022-12-30,147.15
2023-01-02,146.06
2023-01-03,147.16
2023-01-04,146.1
2023-01-05,146.92
2023-01-06,152.47
2023-01-09,154.92
2023-01-10,154.08
2023-01-11,157.47
2023-01-12,156.37
2023-01-13,150.7
2023-01-16,148.03
2023-01-17,143.1
2023-01-18,142.25
2023-01-19,142.36
2023-01-20,146.71
2023-01-23,147.63
2023-01-24,147.11
2023-01-25,149.36
2023-01-26,143.48
2023-01-27,144.14
2023-01-30,146.2
2023-01-31,142.37
2023-02-01,145.36
2023-02-02,146.3
2023-02-03,145.27
2023-02-06,146.98
2023-02-07,153.04
2023-02-08,153.61
2023-02-09,154.35
2023-02-10,153.14
2023-02-13,150.86
2023-02-14,153.17
2023-02-15,150.87
2023-02-16,151.13
2023-02-17,149.89
2023-02-20,151.24
2023-02-21,152.21
2023-02-22,155.12
2023-02-23,153.75
2023-02-24,153.07
2023-02-27,150.43
2023-02-28,149.29
2023-03-01,150.36
2023-03-02,152.47
2023-03-03,150.0
2023-03-06,152.41
2023-03-07,156.19
2023-03-08,157.41
2023-03-09,162.8
2023-03-10,160.59
2023-03-13,157.06
2023-03-14,152.09
2023-03-15,156.25
2023-03-16,158.15
2023-03-17,158.06
2023-03-20,158.92
2023-03-21,155.76
2023-03-22,162.68
2023-03-23,163.13
2023-03-24,163.51
2023-03-27,165.71
2023-03-28,167.21
2023-03-29,167.96
2023-03-30,165.63
2023-03-31,167.1
2023-04-03,172.83
2023-04-04,177.09
2023-04-05,182.24
2023-04-06,180.63
2023-04-07,177.49
2023-04-10,177.16
2023-04-11,177.4
2023-04-12,180.97
2023-04-13,175.53
2023-04-14,180.43
2023-04-17,179.99
2023-04-18,178.68
2023-04-19,175.5
2023-04-20,170.34
2023-04-21,172.93
2023-04-24,173.23
2023-04-25,169.27
2023-04-26,165.4
2023-04-27,164.46
2023-04-28,169.47
2023-05-01,168.75
2023-05-02,164.25
2023-05-03,163.59
2023-05-04,162.85
2023-05-05,155.01
2023-05-08,154.92
2023-05-09,154.34
2023-05-10,156.33
2023-05-11,161.6
2023-05-12,164.94
2023-05-15,164.21
2023-05-16,161.0
2023-05-17,168.53
2023-05-18,168.77
2023-05-19,168.88
2023-05-22,168.88
2023-05-23,169.55
2023-05-24,169.17
2023-05-25,167.49
2023-05-26,165.91
2023-05-29,165.88
2023-05-30,164.32
2023-05-31,162.28
2023-06-01,162.66
2023-06-02,161.98
2023-06-05,166.43
2023-06-06,158.55
2023-06-07,161.73
2023-06-08,165.42
2023-06-09,159.31
2023-06-12,158.4
2023-06-13,157.4
2023-06-14,153.47
2023-06-15,151.39
2023-06-16,148.42
2023-06-19,153.16
2023-06-20,155.8
2023-06-21,159.43
2023-06-22,161.57
2023-06-23,158.35
2023-06-26,156.92
2023-06-27,158.36
2023-06-28,154.94
2023-06-29,156.99
2023-06-30,156.37
2023-07-03,155.38
2023-07-04,157.43
2023-07-05,158.75
2023-07-06,157.79
2023-07-07,161.14
2023-07-10,158.07
2023-07-11,159.89
2023-07-12,161.66
2023-07-13,160.82
2023-07-14,161.83
2023-07-17,158.25
2023-07-18,160.95
2023-07-19,160.47
2023-07-20,159.03
2023-07-21,162.1
2023-07-24,160.11
2023-07-25,156.11
2023-07-26,151.8
2023-07-27,153.52
2023-07-28,150.04
2023-07-31,154.84
2023-08-01,149.1
2023-08-02,153.71
2023-08-03,154.35
2023-08-04,154.15
2023-08-07,152.7
2023-08-08,153.86
2023-08-09,153.81
2023-08-10,156.93
2023-08-11,157.31
2023-08-14,157.8
2023-08-15,156.83
2023-08-16,156.74
2023-08-17,157.67
2023-08-18,152.88
2023-08-21,149.23
2023-08-22,151.28
2023-08-23,151.81
2023-08-24,151.37
2023-08-25,151.48
2023-08-28,152.49
2023-08-29,151.07
2023-08-30,149.01
2023-08-31,149.59
2023-09-01,147.02
2023-09-04,148.16
2023-09-05,143.68
2023-09-06,146.4
2023-09-07,147.7
2023-09-08,148.44
2023-09-11,151.13
2023-09-12,155.72
2023-09-13,158.62
2023-09-14,153.43
2023-09-15,149.96
2023-09-18,148.33
2023-09-19,148.46
2023-09-20,149.9
2023-09-21,148.0
2023-09-22,148.56
2023-09-25,146.6
2023-09-26,145.05
2023-09-27,141.43
2023-09-28,139.14
2023-09-29,135.81
2023-10-02,133.48
2023-10-03,136.06
2023-10-04,133.79
2023-10-05,140.18
2023-10-06,141.48
2023-10-09,142.01
2023-10-10,139.87
2023-10-11,141.69
2023-10-12,140.28
2023-10-13,140.65
2023-10-16,147.18
2023-10-17,146.99
2023-10-18,150.09
2023-10-19,148.25
2023-10-20,148.21
2023-10-23,153.0
2023-10-24,151.33
2023-10-25,156.33
2023-10-26,158.38
2023-10-27,156.84
2023-10-30,158.69
2023-10-31,161.53
2023-11-01,163.41
2023-11-02,158.85
2023-11-03,156.84
2023-11-06,156.2
2023-11-07,156.05
2023-11-08,157.86
2023-11-09,158.43
2023-11-10,154.68
2023-11-13,155.8
2023-11-14,157.58
2023-11-15,159.23
2023-11-16,162.39
2023-11-17,164.89
2023-11-20,166.32
2023-11-21,166.18
2023-11-22,161.28
2023-11-23,162.59
2023-11-24,163.26
2023-11-27,164.12
2023-11-28,160.42
2023-11-29,157.36
2023-11-30,160.41
2023-12-01,160.36
2023-12-04,162.39
2023-12-05,162.54
2023-12-06,162.69
2023-12-07,165.5
2023-12-08,164.03
2023-12-11,164.38
2023-12-12,163.08
2023-12-13,161.87
2023-12-14,161.03
2023-12-15,161.74
2023-12-18,160.41
2023-12-19,164.1
2023-12-20,161.52
2023-12-21,161.04
2023-12-22,159.83
2023-12-25,164.06
2023-12-26,164.71
2023-12-27,167.83
2023-12-28,163.41
2023-12-29,164.26
2024-01-01,166.96
2024-01-02,167.27
2024-01-03,170.55
2024-01-04,169.03
2024-01-05,173.38
2024-01-08,180.63
2024-01-09,179.52
2024-01-10,178.15
2024-01-11,182.88
2024-01-12,188.16
2024-01-15,186.46
2024-01-16,185.13
2024-01-17,184.26
2024-01-18,179.87
2024-01-19,176.97
2024-01-22,173.84
2024-01-23,171.51
2024-01-24,171.47
2024-01-25,172.26
2024-01-26,177.14
2024-01-29,174.03
2024-01-30,177.18
2024-01-31,176.57
2024-02-01,176.48
2024-02-02,178.7
2024-02-05,175.16
2024-02-06,176.43
2024-02-07,177.03
2024-02-08,178.67
2024-02-09,179.67
2024-02-12,187.69
2024-02-13,185.61
2024-02-14,183.91
2024-02-15,181.92
2024-02-16,180.17
2024-02-19,178.18
2024-02-20,182.06
2024-02-21,186.79
2024-02-22,184.95
2024-02-23,182.25
2024-02-26,183.87
2024-02-27,182.11
2024-02-28,184.26
2024-02-29,185.01
2024-03-01,180.03
2024-03-04,185.12
2024-03-05,191.18
2024-03-06,189.15
2024-03-07,187.9
2024-03-08,188.95
2024-03-11,190.16
2024-03-12,192.49
2024-03-13,199.53
2024-03-14,198.97
2024-03-15,196.2
2024-03-18,191.4
2024-03-19,188.96
2024-03-20,188.92
2024-03-21,195.1
2024-03-22,193.36
2024-03-25,194.22
2024-03-26,194.24
2024-03-27,198.47
2024-03-28,207.58
2024-03-29,205.68
2024-04-01,203.95
2024-04-02,207.86
2024-04-03,210.5
2024-04-04,217.58
2024-04-05,219.95
2024-04-08,218.62
2024-04-09,221.03
2024-04-10,225.53
2024-04-11,228.95
2024-04-12,231.13
2024-04-15,235.66
2024-04-16,240.72
2024-04-17,246.8
2024-04-18,249.78
2024-04-19,249.13
2024-04-22,249.89
2024-04-23,255.42
2024-04-24,251.76
2024-04-25,253.53
2024-04-26,251.84
2024-04-29,252.07
2024-04-30,257.97
2024-05-01,258.96
2024-05-02,259.28
2024-05-03,253.04
2024-05-06,256.54
2024-05-07,259.62
2024-05-08,269.84
2024-05-09,268.45
2024-05-10,269.62
2024-05-13,270.93
2024-05-14,278.74
2024-05-15,278.37
2024-05-16,279.88
2024-05-17,283.05
2024-05-20,284.12
2024-05-21,281.95
2024-05-22,283.05
2024-05-23,288.63
2024-05-24,283.41
2024-05-27,284.2
2024-05-28,280.73
2024-05-29,286.89
2024-05-30,279.13
2024-05-31,276.44
2024-06-03,278.43
2024-06-04,286.38
2024-06-05,286.16
2024-06-06,283.41
2024-06-07,293.12
2024-06-10,285.6
2024-06-11,274.41
2024-06-12,276.69
2024-06-13,274.3
2024-06-14,269.37
2024-06-17,272.91
2024-06-18,274.22
2024-06-19,271.55
2024-06-20,265.4
2024-06-21,269.67
2024-06-24,272.94
2024-06-25,272.56
2024-06-26,281.73
2024-06-27,276.41
2024-06-28,268.93
2024-07-01,265.69
2024-07-02,265.58
2024-07-03,266.85
2024-07-04,265.8
2024-07-05,267.59
2024-07-08,261.67
2024-07-09,268.57
2024-07-10,268.28
2024-07-11,273.78
2024-07-12,275.58
2024-07-15,277.96
2024-07-16,280.92
2024-07-17,283.3
2024-07-18,286.69
2024-07-19,293.66
2024-07-22,294.82
2024-07-23,298.7
2024-07-24,298.33
2024-07-25,306.19
2024-07-26,302.58
2024-07-29,312.51
2024-07-30,312.41
2024-07-31,304.49
2024-08-01,305.31
2024-08-02,301.69
2024-08-05,306.38
2024-08-06,302.9
2024-08-07,300.59
2024-08-08,290.49
2024-08-09,288.24
2024-08-12,275.78
2024-08-13,268.03
2024-08-14,271.8
2024-08-15,275.75
2024-08-16,277.98
2024-08-19,273.25
2024-08-20,273.12
2024-08-21,273.22
2024-08-22,267.63
2024-08-23,274.98
2024-08-26,279.43
2024-08-27,278.43
2024-08-28,278.68
2024-08-29,279.83
2024-08-30,269.66
2024-09-02,268.57
2024-09-03,265.38
2024-09-04,260.7
2024-09-05,259.49
2024-09-06,267.99
2024-09-09,271.19
2024-09-10,268.51
2024-09-11,271.38
2024-09-12,278.33
2024-09-13,283.07
2024-09-16,283.49
2024-09-17,280.3
2024-09-18,283.93
2024-09-19,286.06
2024-09-20,290.78
2024-09-23,294.22
2024-09-24,299.9
2024-09-25,297.13
2024-09-26,304.29
2024-09-27,305.5
2024-09-30,317.03
2024-10-01,313.23
2024-10-02,323.14
2024-10-03,324.42
2024-10-04,320.74
2024-10-07,318.08
2024-10-08,316.37
2024-10-09,318.91
2024-10-10,322.04
2024-10-11,318.85
2024-10-14,318.83
2024-10-15,331.26
2024-10-16,341.69
2024-10-17,344.51
2024-10-18,344.88
2024-10-21,345.77
2024-10-22,349.72
2024-10-23,343.42
2024-10-24,341.97
2024-10-25,331.84
2024-10-28,334.35
2024-10-29,338.38
2024-10-30,335.57
2024-10-31,345.22
2024-11-01,337.74
2024-11-04,328.97
2024-11-05,330.43
2024-11-06,336.79
2024-11-07,347.13
2024-11-08,344.41
2024-11-11,351.23
2024-11-12,351.13
2024-11-13,350.18
2024-11-14,355.89
2024-11-15,360.21
2024-11-18,350.13
2024-11-19,359.58
2024-11-20,368.65
2024-11-21,364.65
2024-11-22,367.39
2024-11-25,370.81
2024-11-26,372.7
2024-11-27,369.15
2024-11-28,364.84
2024-11-29,364.82
2024-12-02,372.66
2024-12-03,376.46
2024-12-04,374.1
2024-12-05,379.44
2024-12-06,360.14
2024-12-09,367.73
2024-12-10,356.36
2024-12-11,354.18
2024-12-12,347.18
2024-12-13,339.23
2024-12-16,346.46
2024-12-17,343.68
2024-12-18,345.96
2024-12-19,345.8
2024-12-20,348.91
2024-12-23,349.53
2024-12-24,341.6
2024-12-25,347.86
2024-12-26,344.91
2024-12-27,335.39
2024-12-30,332.94
2024-12-31,342.06
2025-01-01,347.43
2025-01-02,345.39
2025-01-03,343.36
2025-01-06,341.51
2025-01-07,354.41
2025-01-08,356.99
2025-01-09,359.9
2025-01-10,366.72
2025-01-13,368.44
2025-01-14,366.87
2025-01-15,365.72
2025-01-16,365.39
2025-01-17,365.29
2025-01-20,370.22
2025-01-21,370.72
2025-01-22,375.76
2025-01-23,375.36
2025-01-24,376.04
2025-01-27,362.67
2025-01-28,368.79
2025-01-29,371.24
2025-01-30,378.06
2025-01-31,358.5
2025-02-03,372.12
2025-02-04,371.33
2025-02-05,378.89
2025-02-06,371.95
2025-02-07,376.2
2025-02-10,369.22
2025-02-11,365.22
2025-02-12,377.95
2025-02-13,376.8
2025-02-14,378.43
2025-02-17,384.51
2025-02-18,388.09
2025-02-19,389.3
2025-02-20,392.01
2025-02-21,409.13
2025-02-24,408.86
2025-02-25,410.51
2025-02-26,418.44
2025-02-27,426.93
2025-02-28,436.22
2025-03-03,441.41
2025-03-04,432.51
2025-03-05,445.4
2025-03-06,436.38
2025-03-07,438.94
2025-03-10,433.15
2025-03-11,432.83
2025-03-12,435.56
2025-03-13,438.25
2025-03-14,441.76
2025-03-17,454.77
2025-03-18,458.66
2025-03-19,456.83
2025-03-20,464.94
2025-03-21,475.08
2025-03-24,464.77
2025-03-25,469.96
2025-03-26,476.07
2025-03-27,473.71
2025-03-28,485.63
2025-03-31,484.52
2025-04-01,485.81
2025-04-02,484.49
2025-04-03,484.82
2025-04-04,475.44
2025-04-07,463.31
2025-04-08,476.79
2025-04-09,469.71
2025-04-10,461.52
2025-04-11,443.82
2025-04-14,438.89
2025-04-15,428.61
2025-04-16,441.45
2025-04-17,449.65
2025-04-18,444.26
2025-04-21,462.45
2025-04-22,470.81
2025-04-23,468.25
2025-04-24,447.37
2025-04-25,465.99
2025-04-28,454.52
2025-04-29,441.24
2025-04-30,449.54
2025-05-01,469.46
2025-05-02,481.35
2025-05-05,486.43
2025-05-06,491.83
2025-05-07,499.58
2025-05-08,506.61
2025-05-09,509.37
2025-05-12,510.53
2025-05-13,510.16
2025-05-14,503.44
2025-05-15,501.1
2025-05-16,486.03
2025-05-19,485.36
2025-05-20,476.92
2025-05-21,467.64
2025-05-22,469.34
2025-05-23,481.29
2025-05-26,489.44
2025-05-27,475.8
2025-05-28,467.51
2025-05-29,475.61
2025-05-30,467.39
2025-06-02,465.69
2025-06-03,470.49
2025-06-04,462.48
2025-06-05,463.54
2025-06-06,452.59
2025-06-09,447.87
2025-06-10,450.63
2025-06-11,437.89
2025-06-12,441.54
2025-06-13,441.56
2025-06-16,446.13
2025-06-17,448.1
2025-06-18,459.28
2025-06-19,460.5
2025-06-20,457.13
2025-06-23,458.32
2025-06-24,462.98
2025-06-25,463.57
2025-06-26,464.1
2025-06-27,458.42
2025-06-30,453.13
2025-07-01,441.87
2025-07-02,455.97
2025-07-03,445.94
2025-07-04,440.56
2025-07-07,435.04
2025-07-08,442.22
2025-07-09,440.05
2025-07-10,450.11
2025-07-11,444.83
2025-07-14,447.24
2025-07-15,440.7
2025-07-16,457.89
2025-07-17,448.28
2025-07-18,450.96
2025-07-21,456.29
2025-07-22,459.87
2025-07-23,458.52
2025-07-24,457.63
2025-07-25,458.18
2025-07-28,457.15
2025-07-29,465.26
2025-07-30,483.96
2025-07-31,479.3
2025-08-01,467.67
2025-08-04,467.11
2025-08-05,488.99
2025-08-06,482.11
2025-08-07,496.53
2025-08-08,511.72
2025-08-11,506.83
2025-08-12,512.22
2025-08-13,527.44
2025-08-14,524.05
2025-08-15,522.34
2025-08-18,517.08
2025-08-19,507.84
2025-08-20,502.11
2025-08-21,491.25
2025-08-22,491.75
2025-08-25,485.13
2025-08-26,487.37
2025-08-27,473.91
2025-08-28,476.92
2025-08-29,484.27
2025-09-01,467.08
2025-09-02,470.42
2025-09-03,481.0
2025-09-04,470.72
2025-09-05,485.08
2025-09-08,488.93
2025-09-09,482.92
2025-09-10,482.63
2025-09-11,487.67
2025-09-12,488.54
2025-09-15,493.47
2025-09-16,485.49
2025-09-17,487.16
2025-09-18,474.96
2025-09-19,474.2
2025-09-22,466.67
2025-09-23,460.68
2025-09-24,471.12
2025-09-25,480.56
2025-09-26,486.02
2025-09-29,476.66
2025-09-30,474.14
2025-10-01,484.68
2025-10-02,486.11
2025-10-03,506.6
2025-10-06,510.39
2025-10-07,512.35
2025-10-08,509.71
2025-10-09,511.14
2025-10-10,509.94
2025-10-13,516.64
2025-10-14,525.75
2025-10-15,518.52
2025-10-16,506.3
2025-10-17,489.77
2025-10-20,494.44
2025-10-21,484.82
2025-10-22,466.23
2025-10-23,469.68
2025-10-24,490.94
2025-10-27,491.08
2025-10-28,498.69
2025-10-29,499.62
2025-10-30,498.93
2025-10-31,507.39
2025-11-03,504.94
2025-11-04,507.57
2025-11-05,510.71
2025-11-06,504.78
2025-11-07,513.99
2025-11-10,512.58
2025-11-11,505.81
2025-11-12,510.9
2025-11-13,502.84
2025-11-14,503.3
2025-11-17,503.42
2025-11-18,513.46
2025-11-19,518.05
2025-11-20,518.02
2025-11-21,525.86
2025-11-24,539.23
2025-11-25,544.86
2025-11-26,545.17
2025-11-27,532.52
2025-11-28,522.52
2025-12-01,519.86
2025-12-02,514.37
2025-12-03,512.84
2025-12-04,513.57
2025-12-05,518.67
2025-12-08,518.22
2025-12-09,522.97
2025-12-10,523.78
2025-12-11,505.37
2025-12-12,497.02
2025-12-15,495.93
2025-12-16,485.33
2025-12-17,490.77
2025-12-18,504.49
2025-12-19,515.76
2025-12-22,513.98
2025-12-23,527.98
2025-12-24,529.6
2025-12-25,526.6
2025-12-26,521.0
2025-12-29,518.37
2025-12-30,514.95
2025-12-31,516.74
2026-01-01,518.44
2026-01-02,518.68
2026-01-05,522.96
2026-01-06,534.38
2026-01-07,543.73
2026-01-08,529.41
2026-01-09,505.29
2026-01-12,513.99
2026-01-13,501.55
2026-01-14,499.72
2026-01-15,489.39
2026-01-16,473.71
2026-01-19,478.52
2026-01-20,485.25
2026-01-21,480.41
2026-01-22,458.2
2026-01-23,453.87
2026-01-26,457.26
2026-01-27,445.27
2026-01-28,446.91
2026-01-29,446.97
2026-01-30,451.81
2026-02-02,452.96
2026-02-03,445.21
2026-02-04,454.98
2026-02-05,453.86
2026-02-06,453.82
2026-02-09,446.38
2026-02-10,442.99
2026-02-11,436.12
2026-02-12,434.93
2026-02-13,448.51
2026-02-16,437.61
2026-02-17,425.08
2026-02-18,436.5
2026-02-19,435.03
2026-02-20,429.97
2026-02-23,438.19
2026-02-24,433.59
2026-02-25,448.01
2026-02-26,453.66
2026-02-27,449.85
2026-03-02,467.5
2026-03-03,462.59
2026-03-04,468.96
2026-03-05,471.67
2026-03-06,482.91
2026-03-09,496.68
2026-03-10,497.16
2026-03-11,490.62
2026-03-12,494.88
2026-03-13,489.04
2026-03-16,506.96
2026-03-17,508.41
2026-03-18,505.27
2026-03-19,507.15
2026-03-20,495.05
2026-03-23,486.59
2026-03-24,497.3
2026-03-25,491.62
2026-03-26,482.55
2026-03-27,487.41
2026-03-30,498.01
2026-03-31,504.65
2026-04-01,513.9
2026-04-02,507.1
2026-04-03,494.33
2026-04-06,507.88
2026-04-07,505.14
2026-04-08,503.06
2026-04-09,515.29
2026-04-10,520.65
2026-04-13,525.13
2026-04-14,545.81
2026-04-15,539.7
2026-04-16,548.93
2026-04-17,549.72
2026-04-20,552.59
2026-04-21,568.02
2026-04-22,573.44
2026-04-23,579.22
2026-04-24,590.64
2026-04-27,586.99
2026-04-28,578.36
2026-04-29,567.72
2026-04-30,547.85
2026-05-01,568.34
2026-05-04,557.29
2026-05-05,555.29
2026-05-06,552.74
2026-05-07,556.02
2026-05-08,564.41
2026-05-11,573.38
2026-05-12,567.59
2026-05-13,566.11
2026-05-14,569.22
2026-05-15,566.9
2026-05-18,583.52
2026-05-19,588.91
2026-05-20,596.94
2026-05-21,604.3
2026-05-22,617.31
2026-05-25,619.57
2026-05-26,605.35
2026-05-27,609.95
2026-05-28,603.04
2026-05-29,597.54
2026-06-01,604.09
2026-06-02,617.8
2026-06-03,618.28
2026-06-04,621.96
2026-06-05,641.27
2026-06-08,644.31
2026-06-09,674.74
2026-06-10,681.87
2026-06-11,660.54
2026-06-12,669.76
2026-06-15,674.62
2026-06-16,690.55
2026-06-17,699.2
2026-06-18,697.73
2026-06-19,682.64
2026-06-22,680.34
2026-06-23,670.2
2026-06-24,663.46
2026-06-25,670.76
2026-06-26,691.19
2026-06-29,696.37
2026-06-30,681.66
2026-07-01,687.39
2026-07-02,702.47
2026-07-03,695.04
2026-07-06,693.64
2026-07-07,694.1
2026-07-08,684.57
2026-07-09,692.84
2026-07-10,691.6
2026-07-13,697.1
2026-07-14,686.25
2026-07-15,681.12
2026-07-16,690.25
2026-07-17,685.89
2026-07-20,707.49
2026-07-21,702.68
2026-07-22,705.8
2026-07-23,717.93
2026-07-24,699.89
2026-07-27,677.99
2026-07-28,659.64
2026-07-29,674.9
2026-07-30,668.46
2026-07-31,699.51
2026-08-03,692.69
2026-08-04,695.26
2026-08-05,714.84
2026-08-06,740.94
2026-08-07,768.73
2026-08-10,785.76
2026-08-11,800.56
2026-08-12,809.41
2026-08-13,821.08
2026-08-14,813.26
2026-08-17,801.61
2026-08-18,801.88
2026-08-19,799.75
2026-08-20,793.54
2026-08-21,803.8
2026-08-24,817.95
2026-08-25,819.58
2026-08-26,841.7
2026-08-27,824.74
2026-08-28,822.2
